country,date,position,track_id,streams
de,2023-03-28,1,7oQepKHmXDaPC3rgeLRvQu,555402
de,2023-03-28,2,1rDfZwXzeotPuDtBJotaK1,379126
de,2023-03-28,3,4DHcnVTT87F0zZhRPYmZ3B,368606
de,2023-03-28,4,561jH07mF1jHuk7KlaeF0s,317513
de,2023-03-28,5,7DyDjhZMEIK5Ied4juTCyc,315142
de,2023-03-28,6,6WnIsfCuNqrlngROXGVe1W,299209
de,2023-03-28,7,5qDzKUTHCUiKhewBa9STsE,258486
de,2023-03-28,8,1ZKMMvWLhxXlk7VXqS7YRG,242039
de,2023-03-28,9,7AyE8MRf4dIK75mqqpks9S,238206
de,2023-03-28,10,7sJNeWTXkZCEC7OnFMpGWL,222834
de,2023-03-28,11,4uUG5RXrOk84mYEfFvj3cK,211995
de,2023-03-28,12,4YxZQd3I4rj1nqkXgvpCk4,206669
de,2023-03-28,13,3eGI9ETrSY2nU1hbsohC0H,202807
de,2023-03-28,14,0zKbDrEXKpnExhGQRe9dxt,194038
de,2023-03-28,15,2dHHgzDwk4BJdRwy9uXhTO,190433
de,2023-03-28,16,6LBmaJYwbLHfQwIreMCLlw,187875
de,2023-03-28,17,5CvAzdenlzv3ImMcG7awJV,176113
de,2023-03-28,18,373gDROnujxNTFa1FojYIl,172312
de,2023-03-28,19,5mHdCZtVyb4DcJw8799hZp,171074
de,2023-03-28,20,4hy7qTxsnyZUZoqo5RtaYq,168849
de,2023-03-28,21,4yCWbjNkL84M2l5izo0bAw,168512
de,2023-03-28,22,6sizQj16amSoj5iXMDCx5J,168399
de,2023-03-28,23,4AzR20u5TiZVR4932QbGTt,167757
de,2023-03-28,24,7jtQIBanIiJOMS6RyCx6jZ,165717
de,2023-03-28,25,6aPtDsrnH6eMUinccM44Tr,161173
de,2023-03-28,26,3zk8jIWMJFK14Mg1vzIxpP,160089
de,2023-03-28,27,6BePGk3eCan4FqaW2X8Qy3,155503
de,2023-03-28,28,1CR43xdfE45HWWxB8jntj7,154009
de,2023-03-28,29,0NZPBYD5qbEWRs3PrGiRkT,153838
de,2023-03-28,30,2toCf2FDbTIdWriPI6kcsY,153039
de,2023-03-28,31,4atLPkcljMp14JBaigYFKC,152195
de,2023-03-28,32,5ZduaRci3iNUiDfJbBfAaf,150324
de,2023-03-28,33,7jYwZOptDPesQgzj7vhsEF,149632
de,2023-03-28,34,6y5LixQNwrWROFebIKQfFN,143695
de,2023-03-28,35,6hw1Sy9wZ8UCxYGdpKrU6M,141641
de,2023-03-28,36,5xX2LYdXyx0Boa61rZOjq5,140302
de,2023-03-28,37,4zLCLlqLivpZXvYfQCqTWh,138716
de,2023-03-28,38,0V3wPSX9ygBnCm8psDIegu,138530
de,2023-03-28,39,0fqC9DQnwRjkcw6PSwgkeR,138432
de,2023-03-28,40,4dOreYhcafLHEH4F5P2aME,136944
de,2023-03-28,41,5CVZeK7bOC9QxYcZ9gJ5X2,134612
de,2023-03-28,42,2hFOXN8Eq2gXIGGMIdHdWJ,130483
de,2023-03-28,43,5qEGAHerczFt3HmL9lhh4j,130294
de,2023-03-28,44,0WtM2NBVQNNJLh6scP13H8,129818
de,2023-03-28,45,1Qrg8KqiBpW07V7PNxwwwL,129350
de,2023-03-28,46,7xaqxUl08zOg0YNUHokQpq,127141
de,2023-03-28,47,4Dvkj6JhhA12EX05fT7y2e,124302
de,2023-03-28,48,6AQbmUe0Qwf5PZnt4HmTXv,123980
de,2023-03-28,49,4i81SNeu64liIEAytWqIOK,120695
de,2023-03-28,50,3K00Ib1shkOEiAXU5pec6e,119345
de,2023-03-28,51,4HkRGYJYn1Y99uXpqTyOI6,118801
de,2023-03-28,52,13Hjp3sOQxtR0TV0jdaxpM,116774
de,2023-03-28,53,3kY3lHSYB7Ow8hJl6whIBu,116055
de,2023-03-28,54,3zkyus0njMCL6phZmNNEeN,115559
de,2023-03-28,55,26b3oVLrRUaaybJulow9kz,112275
de,2023-03-28,56,6UN73IYd0hZxLi8wFPMQij,110455
de,2023-03-28,57,3kgt8Ys78I6GBZlQrWqZiA,110118
de,2023-03-28,58,3rb0tMq42WfggucPm0HHkA,107017
de,2023-03-28,59,35DkXhxqTMiQB582tfjowU,106920
de,2023-03-28,60,6nYJWAPKIJfXIKtiYc4P4O,106836
de,2023-03-28,61,2FZMqWofNW3jH2MoHjFYH3,106195
de,2023-03-28,62,5uxrX6IKC5cQHeaZnzgm6k,105709
de,2023-03-28,63,23SqoExnmW4BTJEYzMJze8,103875
de,2023-03-28,64,28yd3NLXZkDi5p9segSvcf,103839
de,2023-03-28,65,31XTkTTz3lTLXFiJgbrwsE,102548
de,2023-03-28,66,1gUwi1o1S9W9P0FQgJdY8s,101793
de,2023-03-28,67,60a0Rd6pjrkxjPbaKzXjfq,100823
de,2023-03-28,68,3GGgcGLYrrpMENcwmsWvbM,100783
de,2023-03-28,69,2hP1NjQ0P5B0B5yB2IMf6q,100684
de,2023-03-28,70,4fYte8ZvTK14NEhAOZocBi,100524
de,2023-03-28,71,4W4fNrZYkobj539TOWsLO2,99977
de,2023-03-28,72,54eE5H6F1HhyM5L4fRLq8s,99641
de,2023-03-28,73,3OiVezwUqRu6R5byvFV6qA,99512
de,2023-03-28,74,35WcLlPTdIGqMIx0K2rzkS,99511
de,2023-03-28,75,3PBPLps3EbPjBSSOpKmJ8J,99333
de,2023-03-28,76,7fZBQnc0zXwVybgCIrQQil,98498
de,2023-03-28,77,5wG3HvLhF6Y5KTGlK0IW3J,98277
de,2023-03-28,78,22skzmqfdWrjJylampe0kt,98129
de,2023-03-28,79,5YdnOm5990Kfq1Jodws98B,97901
de,2023-03-28,80,07VcTAooOBP8hIluuUS5xr,97614
de,2023-03-28,81,2w0TmCC0w8SASWpfvdXnxi,96500
de,2023-03-28,82,4zN21mbAuaD0WqtmaTZZeP,96098
de,2023-03-28,83,2mVrSw1sSk3v8GanOZj9wF,95991
de,2023-03-28,84,0tb0RHrF4IpwPJOKYxnxxe,95938
de,2023-03-28,85,7lQ8MOhq6IN2w8EYcFNSUk,95872
de,2023-03-28,86,3JlHRjPt2TNB9h7VFf0im2,94730
de,2023-03-28,87,04UQdIwhOxT8w18dgk4Y9T,94258
de,2023-03-28,88,2L9N0zZnd37dwF0clgxMGI,94204
de,2023-03-28,89,05Mp2UJulSttxQ4E6hQPH3,93068
de,2023-03-28,90,2nLtzopw4rPReszdYBJU6h,91359
de,2023-03-28,91,4tRhRLBxIZ34Iw0eCuiC03,90750
de,2023-03-28,92,5eTaQYBE1yrActixMAeLcZ,89772
de,2023-03-28,93,7n3f6PoPm7LPBYYYlA8lzi,89646
de,2023-03-28,94,7AuMPJMHY3TYeZEZsEy0CF,89637
de,2023-03-28,95,5MLQk0gPG0g9iWwzi02s82,89601
de,2023-03-28,96,4FyesJzVpA39hbYvcseO2d,89082
de,2023-03-28,97,76OGwb5RA9h4FxQPT33ekc,88415
de,2023-03-28,98,6e180XtptMddkCejgq7o8K,88313
de,2023-03-28,99,1N8TTK1Uoy7UvQNUazfUt5,88035
de,2023-03-28,100,1v7L65Lzy0j0vdpRjJewt1,87626
de,2023-03-28,101,1kKvfCmzXzRcfszwQrXFPM,86863
de,2023-03-28,102,473iuBry5Y4SSx9AGw9LLw,85552
de,2023-03-28,103,609E1JCInJncactoMmkDon,85473
de,2023-03-28,104,0xpxqgwLsMIJFQQKPGXclD,85393
de,2023-03-28,105,6j5BK1cFX9TjJd5EXHGgAn,85341
de,2023-03-28,106,5IgjP7X4th6nMNDh4akUHb,85312
de,2023-03-28,107,559SdaPI7mqy9IQiscuaMj,85029
de,2023-03-28,108,3qLNG3UvIe2G3DQ0XGMeEY,84830
de,2023-03-28,109,2WQBFD9aMY1HldcU7Ekvp1,84728
de,2023-03-28,110,2q7jpVfCtcuRwcur9nQeuC,82787
de,2023-03-28,111,6qyS9qBy0mEk3qYaH8mPss,82700
de,2023-03-28,112,43OMUa5jouGCZEz9k9vooo,82482
de,2023-03-28,113,3yfqSUWxFvZELEM4PmlwIR,81433
de,2023-03-28,114,2Jw3VjB1xy5KHBqEeAC6VK,80890
de,2023-03-28,115,1cfRQnbM4Cf0xEt3mx2cQ6,80404
de,2023-03-28,116,7MXVkk9YMctZqd1Srtv4MB,80083
de,2023-03-28,117,38T0tPVZHcPZyhtOcCP7pF,80023
de,2023-03-28,118,2H7jZg2HliuQhZjfBblLrZ,79898
de,2023-03-28,119,5ucyKDPjLpYLGadsRO1wSB,79637
de,2023-03-28,120,2sFsvaMRe8PKo5AFdBE9qC,79571
de,2023-03-28,121,3b4Wdpk6yOx4iEXzfzpnJ9,79391
de,2023-03-28,122,552rCxBynmuPhmOLczMqCY,79381
de,2023-03-28,123,3N2RPZQ1R5GpRR1noHSNww,79093
de,2023-03-28,124,2QjOHCTQ1Jl3zawyYOpxh6,79086
de,2023-03-28,125,3VezyVVENyPQ5u2DIJsITb,78914
de,2023-03-28,126,1DIXPcTDzTj8ZMHt3PDt8p,78483
de,2023-03-28,127,7ixqW82vqFuNBpjfe2Movq,78029
de,2023-03-28,128,3uUuGVFu1V7jTQL60S1r8z,77788
de,2023-03-28,129,0vjeOZ3Ft5jvAi9SBFJm1j,77139
de,2023-03-28,130,02MWAaffLxlfxAUY7c5dvx,76487
de,2023-03-28,131,7j1ZJAbcm4AMBf82jIrAH3,76160
de,2023-03-28,132,73vIOb4Q7YN6HeJTbscRx5,76051
de,2023-03-28,133,5YWkLb7ffoZ9miA7pFQWnZ,75467
de,2023-03-28,134,54ipXppHLA8U4yqpOFTUhr,75327
de,2023-03-28,135,7qiUjLVo6zLj8WmxPMqoXD,74787
de,2023-03-28,136,5C3J3C5nzBclrE8xuW5UQ7,74437
de,2023-03-28,137,6maTPqynTmrkWIralgGaoP,73516
de,2023-03-28,138,0u2P5u6lvoDfwTYjAADbn4,73334
de,2023-03-28,139,1bhIHrQ0Lmosy8ajURX00H,72566
de,2023-03-28,140,1aOl53hkZGHkl2Snhr7opL,72451
de,2023-03-28,141,0FA4wrjDJvJTTU8AepZTup,72119
de,2023-03-28,142,5E2JcyolDstvqZ0PNpT3pS,71797
de,2023-03-28,143,3xWGA8pa0IKFI7IMPri4P0,71720
de,2023-03-28,144,45FaCrE0gyUT9QC0xc4fEx,71703
de,2023-03-28,145,5yVhcpTvQYr4LooQ0dt4l4,71620
de,2023-03-28,146,4xkOaSrkexMciUUogZKVTS,71392
de,2023-03-28,147,4P9Q0GojKVXpRTJCaL3kyy,71167
de,2023-03-28,148,37F0uwRSrdzkBiuj0D5UHI,71141
de,2023-03-28,149,7yq4Qj7cqayVTp3FF9CWbm,71140
de,2023-03-28,150,78Sw5GDo6AlGwTwanjXbGh,70794
de,2023-03-28,151,7qEHsqek33rTcFNT9PFqLf,70670
de,2023-03-28,152,2T3jgoAMbBXiMMD8pSc6QL,70536
de,2023-03-28,153,3BnDvpeuGOj21Ir2aVEtQo,70413
de,2023-03-28,154,42MbpTDZWKc8uAJDhHcvQO,70286
de,2023-03-28,155,0JXXNGljqupsJaZsgSbMZV,70209
de,2023-03-28,156,3hjWfU0ZBa9MjFY6C12pYR,69935
de,2023-03-28,157,4pnk9Mhzcv3oHxFyARlNNP,69424
de,2023-03-28,158,1pKwwH7xRmxyeBiGX3n2RX,69422
de,2023-03-28,159,3giuo1sDdkKHIPJbsvLQhS,69267
de,2023-03-28,160,2MYXbdNTkOmjOr9sVQ288m,69225
de,2023-03-28,161,5odlY52u43F5BjByhxg7wg,68743
de,2023-03-28,162,3LtpKP5abr2qqjunvjlX5i,68616
de,2023-03-28,163,6kvW6EI5UuqCmlp7L7HD9O,68461
de,2023-03-28,164,1mea3bSkSGXuIRvnydlB5b,68432
de,2023-03-28,165,7KWwQ8SokgUDO7es6Q4ZGW,68147
de,2023-03-28,166,6b37xrsNCWYIUphFBazqD6,67994
de,2023-03-28,167,2PGA1AsJal6cyMNmKyE56q,67670
de,2023-03-28,168,6fuO9uk9wbjCHvQJqk2Qpx,66821
de,2023-03-28,169,2Hh3ETdQKrmSI3QS0hme7g,66518
de,2023-03-28,170,3aLZ0s5ulFLcFCtIZQblpo,66419
de,2023-03-28,171,0QHEIqNKsMoOY5urbzN48u,66249
de,2023-03-28,172,2ksyzVfU0WJoBpu8otr4pz,66022
de,2023-03-28,173,7iL6o9tox1zgHpKUfh9vuC,65639
de,2023-03-28,174,0b85BAqtnPxgxHn0nkegXd,65607
de,2023-03-28,175,0v5tJa9288xBvYEl9EBuNK,65517
de,2023-03-28,176,6GomT970rCOkKAyyrwJeZi,65440
de,2023-03-28,177,4nrPB8O7Y7wsOCJdgXkthe,65417
de,2023-03-28,178,2bLqfJjuC5syrsgDsZfGmn,65376
de,2023-03-28,179,4woTEX1wYOTGDqNXuavlRC,65273
de,2023-03-28,180,4wGSg2Qqpt2sGCWuAZj6EN,64976
de,2023-03-28,181,3OmpGWDUcWBKuY29MTCvc6,64961
de,2023-03-28,182,6JIC3hbC28JZKZ8AlAqX8h,64901
de,2023-03-28,183,2a1o6ZejUi8U3wzzOtCOYw,64891
de,2023-03-28,184,0VjIjW4GlUZAMYd2vXMi3b,64745
de,2023-03-28,185,1PMzqfXtiR4qWqdaRofIM4,64438
de,2023-03-28,186,7jQkiAaa4XYYsPH3rcfcWo,64220
de,2023-03-28,187,2tpWsVSb9UEmDRxAl1zhX1,64019
de,2023-03-28,188,0DH7ZmouflLanUgjYaUP0e,63932
de,2023-03-28,189,2u8AXJyk8pICzj2wyPBL0b,63890
de,2023-03-28,190,0JTz8ZeBJtnjRIWiJnHFdO,63876
de,2023-03-28,191,1bDbXMyjaUIooNwFE9wn0N,63775
de,2023-03-28,192,5ZNa6S7agmCmaEnxIHE73m,63405
de,2023-03-28,193,7lkYdyKCN44Lc5saKwIGhP,63281
de,2023-03-28,194,04C356Ob8t7AGIWvmEqUU6,63236
de,2023-03-28,195,1FEiijYPJtyswChfcpv3p0,62643
de,2023-03-28,196,7gK3S5NIkw1KdvdnUU1O5z,62352
de,2023-03-28,197,7gC8OO5ORfuqX4OrE9EQtE,62294
de,2023-03-28,198,2kx5sQgmjYug0GiDh1a4sU,62212
de,2023-03-28,199,567e29TDzLwZwfDuEpGTwo,61587
de,2023-03-28,200,05FN4XjxvZLo4qwmQC7yxh,61585
es,2023-03-28,1,609E1JCInJncactoMmkDon,1146484
es,2023-03-28,2,0DWdj2oZMBFSzRsi2Cvfzf,649915
es,2023-03-28,3,7cQ0LAxT5HHCLGbxcjaxac,636883
es,2023-03-28,4,0PB0O24JqAuNdOAFVJljMS,607802
es,2023-03-28,5,4FAKtPVycI4DxoOHC01YqD,530906
es,2023-03-28,6,0Sfn2TYbpQtCGMBf6C0Y6T,501354
es,2023-03-28,7,51FvjPEGKq2zByeeEQ43V9,500394
es,2023-03-28,8,1DxEbt6OSbrkRthk6pjZue,442436
es,2023-03-28,9,3Eax1yebRxj6LSYpxE9Yd3,440086
es,2023-03-28,10,7MVIfkyzuUmQ716j8U7yGR,438388
es,2023-03-28,11,04ndZkbKGthTgYSv3xS7en,422034
es,2023-03-28,12,3qXZqXGniqNt3PK2CBSZgM,411865
es,2023-03-28,13,7q1KFoWUNYudhKW8RYJFsZ,388521
es,2023-03-28,14,20CozgjF6bshBw8cLhN23B,371157
es,2023-03-28,15,0Iozrbed8spxoBnmtBMshO,369136
es,2023-03-28,16,4WiQA1AGWHFvaxBU6bHghs,366438
es,2023-03-28,17,3tt9i3Hhzq84dPS8H7iSiJ,360516
es,2023-03-28,18,4nrPB8O7Y7wsOCJdgXkthe,346753
es,2023-03-28,19,5OYRVKWII0Eog7CjQRnmGf,340958
es,2023-03-28,20,1zsPaEkglFvxjAhrM8yhpr,320796
es,2023-03-28,21,2mnXxnrX5vCGolNkaFvVeM,310556
es,2023-03-28,22,3eqCJfgJJs8iKx49KO12s3,307576
es,2023-03-28,23,2tTmW7RDtMQtBk7m2rYeSw,290203
es,2023-03-28,24,2CeKVsFFXG4QzA415QygGb,259651
es,2023-03-28,25,4DHcnVTT87F0zZhRPYmZ3B,247815
es,2023-03-28,26,0CYTGMBYkwUxrj1MWDLrC5,246431
es,2023-03-28,27,7bfFmlLJ1LKr2E3AUsvq5P,244647
es,2023-03-28,28,3Z0l8qwMuC376pcutLVsY8,231454
es,2023-03-28,29,6otePxalBK8AVa20xhZYVQ,223283
es,2023-03-28,30,2SiAcexM2p1yX6joESbehd,220788
es,2023-03-28,31,5q86iSKkBtOoNkdgEDY5WV,218314
es,2023-03-28,32,2I0aHZjCXh6UjMHIOqugYF,218289
es,2023-03-28,33,16dUQ4quIHDe4ZZ0wF1EMN,210791
es,2023-03-28,34,1dw7qShk971xMD6r6mA4VN,206906
es,2023-03-28,35,36W1V6ft4fX7HQVSdIYL0J,200633
es,2023-03-28,36,6OzUIp8KjuwxJnCWkXp1uL,198358
es,2023-03-28,37,5qP24CrDI0rmY5zwRvUfzU,196988
es,2023-03-28,38,53tfEupEzQRtVFOeZvk7xq,196874
es,2023-03-28,39,3XjvMZqm2AQ8thMCD6w9w2,196339
es,2023-03-28,40,2hLXUbsOU9cDb9RFva9FYr,195414
es,2023-03-28,41,5jt25aFjW2kNoBqaEVaz5W,195128
es,2023-03-28,42,75rqqKvzJCGv2oq9C4yFDt,194750
es,2023-03-28,43,5IlLm20JXhKbMtsH20NblC,193863
es,2023-03-28,44,3TcSNX1WhlcVAI6fLWt7Qs,192298
es,2023-03-28,45,2QKVCfIDdHf16FkDPFHBHX,188937
es,2023-03-28,46,4uVEdikP5eLUy8Dq6gjiPV,186622
es,2023-03-28,47,0NO2zL0kw8sGGnaMvHKAZF,185871
es,2023-03-28,48,3vKYvbzB7801a5qd47pxkm,182160
es,2023-03-28,49,6IdcyYfBz9LG3SWIKVyNgh,178135
es,2023-03-28,50,3pjvkWO9fqiRRBE1tDLu3S,174606
es,2023-03-28,51,4I4FFtKZLtyqw4he9pPtL7,172092
es,2023-03-28,52,31jtlGwefCdtqNOSpLq82U,172035
es,2023-03-28,53,0FirgnvrpCkkhdaq64Gfen,170541
es,2023-03-28,54,4NoOME4Dhf4xgxbHDT7VGe,158339
es,2023-03-28,55,0T2pB7P1VdXPhLdQZ488uH,156768
es,2023-03-28,56,7hlPoVZ1uz7FiQagPTVbQG,152946
es,2023-03-28,57,3mFNc5EQn30irR983Wg9OD,142993
es,2023-03-28,58,0xCRFfgIHOsmovVZzrFCoT,142238
es,2023-03-28,59,1mW1e6QAGPnhMbJoDTCLS3,127888
es,2023-03-28,60,3k3NWokhRRkEPhCzPmV8TW,127034
es,2023-03-28,61,6Sq7ltF9Qa7SNFBsV5Cogx,124354
es,2023-03-28,62,4yPmTUkWmUfLPQLCccp0DR,123819
es,2023-03-28,63,0otoSS2m3QjbDLzsHMobgK,120858
es,2023-03-28,64,1LiN0Z98FkR1t0m8KmLcAH,120797
es,2023-03-28,65,5R2hNuiiwnKVAUNktF9j2Y,119885
es,2023-03-28,66,5yocaqYG38qpSSxV1t0o3D,119427
es,2023-03-28,67,6G12ZafqofSq7YtrMqUm76,117948
es,2023-03-28,68,3HqcNJdZ2seoGxhn0wVNDK,116259
es,2023-03-28,69,7dT6ccDqmMHvz5C0d8iUND,112638
es,2023-03-28,70,2rurDawMfoKP4uHyb2kJBt,110313
es,2023-03-28,71,6ylDpki1VpIsc525KC1ojF,109862
es,2023-03-28,72,54ELExv56KCAB4UP9cOCzC,108307
es,2023-03-28,73,7GJVqqE79WOl8ncT7Y4z0L,106121
es,2023-03-28,74,2oW52tBeJNSv93Ct5AJb8q,105651
es,2023-03-28,75,06s3QtMJVXw1AJX3UfvZG1,105536
es,2023-03-28,76,2lmWwBLVJ2P0HX491zkYws,105334
es,2023-03-28,77,0WtM2NBVQNNJLh6scP13H8,104456
es,2023-03-28,78,4jhHaLksdP8DJZzxYAjOSz,102795
es,2023-03-28,79,3uCkrD3jviXdkdScSlSabk,102555
es,2023-03-28,80,6VAS7m73rDopQe7BdrFMpD,101176
es,2023-03-28,81,4Dvkj6JhhA12EX05fT7y2e,100585
es,2023-03-28,82,4UGqAW9i7NtE5mW9xzm6yk,100331
es,2023-03-28,83,0TkIQ2I48rz4kpk1XpfyHq,99943
es,2023-03-28,84,1F205Nl2feOSYSztLNOJAL,99728
es,2023-03-28,85,4uUG5RXrOk84mYEfFvj3cK,98629
es,2023-03-28,86,1IHWl5LamUGEuP4ozKQSXZ,96746
es,2023-03-28,87,6mmPpaltUZK7xjNlBPQQ0p,96571
es,2023-03-28,88,5GZ4tx6VZxM7V4IQtSJFyx,96415
es,2023-03-28,89,6i1g5ZRmJZAkDwBaUZ3f2i,95605
es,2023-03-28,90,5S8i9p2xS8M8pFqfZMbMzI,95361
es,2023-03-28,91,3fjN3y5x4hN53rykAN2LHQ,94969
es,2023-03-28,92,5TMLavqGRKNxgzMBrVpC9R,94549
es,2023-03-28,93,4rQu72zFJz3qne1bnEkVSt,94240
es,2023-03-28,94,5aY2pfyGLxBpuI4TruqmQx,93979
es,2023-03-28,95,2UW7JaomAMuX9pZrjVpHAU,92700
es,2023-03-28,96,2SRiJNA3yILEMOPbETtL6M,92698
es,2023-03-28,97,3nfICwo20uiFdEGzgNUSrG,92286
es,2023-03-28,98,1aUq8rjW1EwkAkMri4VfJy,91921
es,2023-03-28,99,3xfWkp003WhKYWAk6vO0wv,90634
es,2023-03-28,100,50naDXYjnGlLgrE7yUxsok,89855
es,2023-03-28,101,44FzVABpR2cciquTqADA0D,89647
es,2023-03-28,102,41oY4WCTj5kccfesTVFnvN,89598
es,2023-03-28,103,0CLVh9I8uHfuyorOdLFim7,89404
es,2023-03-28,104,0fLOPPoyIaPTe8dm2Mrft3,89348
es,2023-03-28,105,1O2pcBJGej0pmH2Y9XZMs6,87034
es,2023-03-28,106,5x17YrAwajDUCqB8zT9ElY,86551
es,2023-03-28,107,4Rjq1TZbF0bDstOs6SiI6J,86509
es,2023-03-28,108,70JnnNNAxPjvZGPwjJfX47,86289
es,2023-03-28,109,5Eax0qFko2dh7Rl2lYs3bx,85454
es,2023-03-28,110,0quM3iWAOKw9OGIMBsppSC,84777
es,2023-03-28,111,7jtQIBanIiJOMS6RyCx6jZ,84154
es,2023-03-28,112,7FlQk2gJ6TBrHHiidvdR2O,84067
es,2023-03-28,113,1sbNEFiURUYfy024cJX8JG,83606
es,2023-03-28,114,1PtXtGJSDKTkB5urVEZ7rf,83486
es,2023-03-28,115,6Xom58OOXk2SoU711L2IXO,83375
es,2023-03-28,116,2LgxW2t2H6lAf7tJuOnxxj,83065
es,2023-03-28,117,7GuEE0ydKmuXV5DVliachs,82775
es,2023-03-28,118,7GfQEUSuqYGeY2L0BfVOXM,81087
es,2023-03-28,119,5S7FewmYYyLNdMOfeEcB6P,80319
es,2023-03-28,120,31i56LZnwE6uSu3exoHjtB,79399
es,2023-03-28,121,1eIDsKCLwZF6CJK8pOgHX5,79023
es,2023-03-28,122,1A9PKAFEHMWgXNLpgf7k4J,78233
es,2023-03-28,123,6ifUES3keWjwXgae8pXI3o,78014
es,2023-03-28,124,1VauUM5CBX7nkLcgafQL2B,77819
es,2023-03-28,125,03a359wbiUsjN9h6yzXvmS,76420
es,2023-03-28,126,2vsoD8S1OyrWSVIA43hjaU,75997
es,2023-03-28,127,0fea68AdmYNygeTGI4RC18,75568
es,2023-03-28,128,3rdAz1fbUfZxYgaCviYhRo,74155
es,2023-03-28,129,7r5QwyDzxyikU1Kbkfz6FM,73961
es,2023-03-28,130,38UYeBLfvpnDSG9GznZdnL,73323
es,2023-03-28,131,3szqC0lxrJdhn3eW6FfFfo,72185
es,2023-03-28,132,76OGwb5RA9h4FxQPT33ekc,70818
es,2023-03-28,133,0NZPBYD5qbEWRs3PrGiRkT,70438
es,2023-03-28,134,4iaNmAvcZ6sPGvgZ6vQQdx,69982
es,2023-03-28,135,5Ov2yPhOmhL5qvlnU3UBpZ,69884
es,2023-03-28,136,15wMJJiVpt2ABQw032Rywi,69815
es,2023-03-28,137,3l9YiADzNmEvBfZVPEF49F,69477
es,2023-03-28,138,6odrHMSLjP3aOXC4ipKUC6,69081
es,2023-03-28,139,1ZkIxbmM3ZUhn2OayBdwe5,68978
es,2023-03-28,140,2JPLbjOn0wPCngEot2STUS,68473
es,2023-03-28,141,6ebo7CQn4ILLGvXRmXHhQz,68160
es,2023-03-28,142,7MkylDYvKTSuWgrsBhHlsG,67567
es,2023-03-28,143,4hceSKjrkDTO0nMKFcb3sj,66972
es,2023-03-28,144,20NeR3CwuyGfRktTncKRU7,66610
es,2023-03-28,145,1Qrg8KqiBpW07V7PNxwwwL,66440
es,2023-03-28,146,4HYDUMY0xSpeBr0AMY9cUz,65891
es,2023-03-28,147,3hKFVBIUvDyigbQLZR4z9H,65787
es,2023-03-28,148,1T6CF1qnG0hK0absyeVL5H,65382
es,2023-03-28,149,2beS6dD5rovBxSA1zYoSHR,65109
es,2023-03-28,150,5WxYU8RRzy5X0kC6Fx9SpI,64962
es,2023-03-28,151,1FlL8ycld6uVDDyhV7P5FA,63958
es,2023-03-28,152,0G2zPzWqVjR68iNPmx2TBe,63629
es,2023-03-28,153,5IpXQFmVvs7EnT90fhduno,62783
es,2023-03-28,154,6PscyC1oeC9LRxWcw6YqDZ,61804
es,2023-03-28,155,04d4GpLedinwpfctvgOIhY,61685
es,2023-03-28,156,2J8lIDwvxPZQQ0I0wt1oRO,60806
es,2023-03-28,157,6sHBvzRsuGunQTfCk18KXi,60342
es,2023-03-28,158,1iyvRYYAeuJhrsxTsQW9fh,60203
es,2023-03-28,159,54iyLNmcnLWNdCqX5pdtuL,59758
es,2023-03-28,160,512VEdEqHzzXDKgJELN0Ue,59367
es,2023-03-28,161,1b62AO1IzcVr5SOgoguc9o,59361
es,2023-03-28,162,4FjkjrvfbB3C4eUqWlw3vB,59313
es,2023-03-28,163,7B8Oux2lcjPTfInXAbabbx,58787
es,2023-03-28,164,25MXhQD6t6jkWhYcuGBcjt,58430
es,2023-03-28,165,0eVborSuxUeSg0meWYd9dZ,58300
es,2023-03-28,166,3pDhN3qB33AOPhQEkUCaWt,58158
es,2023-03-28,167,0FDTPGlLjF8SGWSsHyzNBe,57642
es,2023-03-28,168,4MzXwWMhyBbmu6hOcLVD49,57488
es,2023-03-28,169,2NMjggapJcXXM7WccGEBUO,57450
es,2023-03-28,170,35XF6veSvhoPdWy89zaeaj,57402
es,2023-03-28,171,55oRR1s2W1xX2evrUCaOSb,57047
es,2023-03-28,172,5R7l05dglCrUX0qjZ1Eec1,56832
es,2023-03-28,173,0Bv7O6fmZk3GrNQFYJaXPn,55922
es,2023-03-28,174,6DoL1yYIwEW7VZMRaJhoJI,55654
es,2023-03-28,175,6Vn1vje8yMw2OY6IOk9dkH,55560
es,2023-03-28,176,1Sym1HsTqsa2pYKhYL1j15,55504
es,2023-03-28,177,655JkvIwu2rDCaD1hPf04g,55453
es,2023-03-28,178,4iGnpp1h0i33lpoP42Y8Jt,55432
es,2023-03-28,179,2DB4DdfCFMw1iaR6JaR03a,55274
es,2023-03-28,180,6Y46tOTRhkBamosyuWa6YX,55212
es,2023-03-28,181,4YPb50baBdGc1qF8bCmZ13,55142
es,2023-03-28,182,07TRc0Glkk8wDVq3eC5f2Z,54804
es,2023-03-28,183,4W4fNrZYkobj539TOWsLO2,54579
es,2023-03-28,184,0poQY3RMThmIiutOGv3yH3,54576
es,2023-03-28,185,20RGQHWvqyyacpuxMBeLsZ,54510
es,2023-03-28,186,2XIc1pqjXV3Cr2BQUGNBck,54219
es,2023-03-28,187,1XWpZ1v5Il3jli4SJjaKCf,53771
es,2023-03-28,188,5ddFjrPG8NgQQ6xlOQIVd2,53703
es,2023-03-28,189,3GaGWoU1KfVqgl7vnRHP55,53596
es,2023-03-28,190,6ynErSDSlxqsxg0D3LJ8sK,53592
es,2023-03-28,191,3tTzInzRZC7kRMK1sRfT14,53539
es,2023-03-28,192,5K9VzfSr7L34rMMJxe8ndg,53475
es,2023-03-28,193,17BqQS5Cj899fQR8e6gvk9,53293
es,2023-03-28,194,5n2XTRsYFlZwNBp06KAjDX,53187
es,2023-03-28,195,1VB4sadHjFcFklHcZuoROi,53144
es,2023-03-28,196,3v1dCP3hk2djfWryqfp7sx,52987
es,2023-03-28,197,4khWEpnaijN0G1x019Uzdr,52774
es,2023-03-28,198,3LGn1d8P4Na3WHvYwCE6NL,52614
es,2023-03-28,199,2zQvtkghOHiBG48Bj0oFR9,52410
es,2023-03-28,200,4fYte8ZvTK14NEhAOZocBi,52323
gb,2023-03-28,1,6AQbmUe0Qwf5PZnt4HmTXv,371705
gb,2023-03-28,2,5eTaQYBE1yrActixMAeLcZ,341313
gb,2023-03-28,3,4DHcnVTT87F0zZhRPYmZ3B,321644
gb,2023-03-28,4,1Qrg8KqiBpW07V7PNxwwwL,285671
gb,2023-03-28,5,4hy7qTxsnyZUZoqo5RtaYq,270700
gb,2023-03-28,6,26b3oVLrRUaaybJulow9kz,251768
gb,2023-03-28,7,2L9N0zZnd37dwF0clgxMGI,240935
gb,2023-03-28,8,5mHdCZtVyb4DcJw8799hZp,237327
gb,2023-03-28,9,0V3wPSX9ygBnCm8psDIegu,219711
gb,2023-03-28,10,2dHHgzDwk4BJdRwy9uXhTO,189003
gb,2023-03-28,11,0JXXNGljqupsJaZsgSbMZV,188392
gb,2023-03-28,12,4Dvkj6JhhA12EX05fT7y2e,185276
gb,2023-03-28,13,6UN73IYd0hZxLi8wFPMQij,174014
gb,2023-03-28,14,0WtM2NBVQNNJLh6scP13H8,173061
gb,2023-03-28,15,4W4fNrZYkobj539TOWsLO2,166464
gb,2023-03-28,16,4P9Q0GojKVXpRTJCaL3kyy,163575
gb,2023-03-28,17,4uUG5RXrOk84mYEfFvj3cK,153318
gb,2023-03-28,18,6maTPqynTmrkWIralgGaoP,149360
gb,2023-03-28,19,6BePGk3eCan4FqaW2X8Qy3,148078
gb,2023-03-28,20,7jtQIBanIiJOMS6RyCx6jZ,140197
gb,2023-03-28,21,5RobAV5ROH5KARimi7n3cO,136316
gb,2023-03-28,22,2Jw3VjB1xy5KHBqEeAC6VK,133863
gb,2023-03-28,23,4fYte8ZvTK14NEhAOZocBi,133644
gb,2023-03-28,24,4TaS4giQQK01vKzBB40AEY,129461
gb,2023-03-28,25,003vvx7Niy0yvhvHt4a68B,127665
gb,2023-03-28,26,1ubY35d8LtYvMHsgPo8pMc,126652
gb,2023-03-28,27,0NZPBYD5qbEWRs3PrGiRkT,125077
gb,2023-03-28,28,3zkyus0njMCL6phZmNNEeN,123887
gb,2023-03-28,29,0rVJ6v23RQozOIvr1YotJP,122378
gb,2023-03-28,30,2LBqCSwhJGcFQeTHMVGwy3,119973
gb,2023-03-28,31,1yHVHoz6Ny29gbbWJYVnFt,118353
gb,2023-03-28,32,0QHEIqNKsMoOY5urbzN48u,118057
gb,2023-03-28,33,5IgjP7X4th6nMNDh4akUHb,116923
gb,2023-03-28,34,0judK8TqYfvwUohBngUxrE,116114
gb,2023-03-28,35,6W3UEFq0oD8EBILiyn9B48,113519
gb,2023-03-28,36,2QjOHCTQ1Jl3zawyYOpxh6,113399
gb,2023-03-28,37,5uSFGgIfHMT3osrAd9n9ym,112929
gb,2023-03-28,38,7MXVkk9YMctZqd1Srtv4MB,111512
gb,2023-03-28,39,1mea3bSkSGXuIRvnydlB5b,109920
gb,2023-03-28,40,68Dni7IE4VyPkTOH9mRWHr,109533
gb,2023-03-28,41,5XeFesFbtLpXzIVDNQP22n,108809
gb,2023-03-28,42,5odlY52u43F5BjByhxg7wg,108323
gb,2023-03-28,43,58ge6dfP91o9oXMzq3XkIS,107220
gb,2023-03-28,44,1xzi1Jcr7mEi9K2RfzLOqS,106895
gb,2023-03-28,45,7yq4Qj7cqayVTp3FF9CWbm,105917
gb,2023-03-28,46,4k6Uh1HXdhtusDW5y8Gbvy,102446
gb,2023-03-28,47,3LtpKP5abr2qqjunvjlX5i,100793
gb,2023-03-28,48,4RvWPyQ5RL0ao9LPZeSouE,98875
gb,2023-03-28,49,561jH07mF1jHuk7KlaeF0s,97714
gb,2023-03-28,50,4FyesJzVpA39hbYvcseO2d,97207
gb,2023-03-28,51,7qEHsqek33rTcFNT9PFqLf,96376
gb,2023-03-28,52,3dYD57lRAUcMHufyqn9GcI,95923
gb,2023-03-28,53,73vIOb4Q7YN6HeJTbscRx5,95855
gb,2023-03-28,54,5jQI2r1RdgtuT8S3iG8zFC,95092
gb,2023-03-28,55,39JofJHEtg8I4fSyo7Imft,94714
gb,2023-03-28,56,4iZ4pt7kvcaH6Yo8UoZ4s2,94419
gb,2023-03-28,57,5CcfIvFHULvnM0ST4nzRRN,93086
gb,2023-03-28,58,59nOXPmaKlBfGMDeOVGrIK,92975
gb,2023-03-28,59,1bDbXMyjaUIooNwFE9wn0N,92329
gb,2023-03-28,60,086myS9r57YsLbJpU0TgK9,92288
gb,2023-03-28,61,1Y3LN4zO1Edc2EluIoSPJN,91776
gb,2023-03-28,62,40SBS57su9xLiE1WqkXOVr,91492
gb,2023-03-28,63,2Ggr9IfS70wYQacW8nZKPG,91435
gb,2023-03-28,64,4N5s8lPTsjI9EGP7K4SXzB,91091
gb,2023-03-28,65,7j4OmvkjRz0PrjFADlHfQx,91054
gb,2023-03-28,66,1xK59OXxi2TAAAbmZK0kBL,90280
gb,2023-03-28,67,3xWGA8pa0IKFI7IMPri4P0,90101
gb,2023-03-28,68,531KGXtBroSrOX9LVmiIgc,89990
gb,2023-03-28,69,78Sw5GDo6AlGwTwanjXbGh,89982
gb,2023-03-28,70,3azJifCSqg9fRij2yKIbWz,89884
gb,2023-03-28,71,5FVd6KXrgO9B3JPmC8OPst,89487
gb,2023-03-28,72,13Irp51zj01BZu2XtDrnAg,87641
gb,2023-03-28,73,02MWAaffLxlfxAUY7c5dvx,87254
gb,2023-03-28,74,0ofHAoxe9vBkTCp2UQIavz,85066
gb,2023-03-28,75,220n79cLlh2NwvlIEEKpKt,83787
gb,2023-03-28,76,1xs8bOvm3IzEYmcLJVOc34,83738
gb,2023-03-28,77,6Qyc6fS4DsZjB2mRW9DsQs,83731
gb,2023-03-28,78,4sNG6zQBmtq7M8aeeKJRMQ,83669
gb,2023-03-28,79,698ehyxjqZ7i06vUJQFviN,82802
gb,2023-03-28,80,3AJwUDP919kvQ9QcozQPxg,81443
gb,2023-03-28,81,6dBUzqjtbnIa1TwYbyw5CM,81274
gb,2023-03-28,82,3GZD6HmiNUhxXYf8Gch723,81037
gb,2023-03-28,83,0ntQJM78wzOLVeCUAW7Y45,80815
gb,2023-03-28,84,1qEmFfgcLObUfQm0j1W2CK,80329
gb,2023-03-28,85,0VjIjW4GlUZAMYd2vXMi3b,80262
gb,2023-03-28,86,3yfqSUWxFvZELEM4PmlwIR,79954
gb,2023-03-28,87,0ug5NqcwcFR2xrfTkc7k8e,79801
gb,2023-03-28,88,1R0a2iXumgCiFb7HEZ7gUE,79670
gb,2023-03-28,89,254bXAqt3zP6P50BdQvEsq,79562
gb,2023-03-28,90,1gUwi1o1S9W9P0FQgJdY8s,79545
gb,2023-03-28,91,7lQ8MOhq6IN2w8EYcFNSUk,79025
gb,2023-03-28,92,4JBiO7wRnE6ueszEUpo347,78883
gb,2023-03-28,93,5YbPxJwPfrj7uswNwoF1pJ,78540
gb,2023-03-28,94,5qqabIl2vWzo9ApSC317sa,78381
gb,2023-03-28,95,5UWwZ5lm5PKu6eKsHAGxOk,77437
gb,2023-03-28,96,3z4CGd63tpUn9a6oQSG0CI,76981
gb,2023-03-28,97,0JIhRhZPF5j5dx0FGqTWxy,76933
gb,2023-03-28,98,69ZzhvHnSSnzMO8SMYEJWb,76816
gb,2023-03-28,99,46IZ0fSY2mpAiktS3KOqds,76282
gb,2023-03-28,100,5rF6YUIlgiat22OT1lWspJ,76213
gb,2023-03-28,101,1PtQJZVZIdWIYdARpZRDFO,76040
gb,2023-03-28,102,0UvCh63URrLFcPkKt99hHd,75970
gb,2023-03-28,103,0vjeOZ3Ft5jvAi9SBFJm1j,75748
gb,2023-03-28,104,1u8c2t2Cy7UBoG4ArRcF5g,75717
gb,2023-03-28,105,3EaJDYHA0KnX88JvDhL9oa,75652
gb,2023-03-28,106,5gDWsRxpJ2lZAffh5p7K0w,75486
gb,2023-03-28,107,4EWCNWgDS8707fNSZ1oaA5,75193
gb,2023-03-28,108,4q05KbxYZ5JdkmrletgPjF,74722
gb,2023-03-28,109,6ex1Pz3pntgy4NPtxHXN2V,74521
gb,2023-03-28,110,5e9TFTbltYBg2xThimr0rU,73972
gb,2023-03-28,111,1zi7xx7UVEFkmKfv06H8x0,73600
gb,2023-03-28,112,3xKsf9qdS1CyvXSMEid6g8,73582
gb,2023-03-28,113,567e29TDzLwZwfDuEpGTwo,73183
gb,2023-03-28,114,07GvNcU1WdyZJq3XxP0kZa,73024
gb,2023-03-28,115,22skzmqfdWrjJylampe0kt,72963
gb,2023-03-28,116,4R2kfaDFhslZEMJqAFNpdd,72800
gb,2023-03-28,117,2wGSgTmgSF3xjRrHkTc25R,72560
gb,2023-03-28,118,5lkpeJwmQKgY3bX2zChjxX,72277
gb,2023-03-28,119,1zv3WFUbZ5vPxFq9I2jAU1,71866
gb,2023-03-28,120,5nW4z3pfZgJAJ2QTCz9AIE,71210
gb,2023-03-28,121,7BHPGtpuuWWsvE7cCaMuEU,71106
gb,2023-03-28,122,1v7L65Lzy0j0vdpRjJewt1,71066
gb,2023-03-28,123,4tqcoej1zPvwePZCzuAjJd,70629
gb,2023-03-28,124,0FA4wrjDJvJTTU8AepZTup,70233
gb,2023-03-28,125,2HbKqm4o0w5wEeEFXm2sD4,70061
gb,2023-03-28,126,0B7wvvmu9EISAwZnOpjhNI,69532
gb,2023-03-28,127,3gbBpTdY8lnQwqxNCcf795,69517
gb,2023-03-28,128,1N8TTK1Uoy7UvQNUazfUt5,69421
gb,2023-03-28,129,2tpWsVSb9UEmDRxAl1zhX1,69387
gb,2023-03-28,130,244AvzGQ4Ksa5637JQu5Gy,69386
gb,2023-03-28,131,7e8utCy2JlSB8dRHKi49xM,69009
gb,2023-03-28,132,789CxjEOtO76BVD1A9yJQH,68879
gb,2023-03-28,133,4Li2WHPkuyCdtmokzW2007,68684
gb,2023-03-28,134,2gMXnyrvIjhVBUZwvLZDMP,68505
gb,2023-03-28,135,3sNVsP50132BTNlImLx70i,68375
gb,2023-03-28,136,3hRV0jL3vUpRrcy398teAU,67971
gb,2023-03-28,137,5xoUgPXbMNUmoHU0Enwtwq,67727
gb,2023-03-28,138,5wG3HvLhF6Y5KTGlK0IW3J,67526
gb,2023-03-28,139,0pGecxPm2EOIQgc241d38t,67417
gb,2023-03-28,140,456WNXWhDwYOSf5SpTuqxd,67207
gb,2023-03-28,141,3Fzlg5r1IjhLk2qRw667od,66933
gb,2023-03-28,142,3F5CgOj3wFlRv51JsHbxhe,66881
gb,2023-03-28,143,2bRKxuH1o7pTmb1y4GfdEc,66686
gb,2023-03-28,144,2F0dCzhF9W1tcXwXu99m28,66675
gb,2023-03-28,145,4vyG9ZhHT8MKJE5mTICMFC,66555
gb,2023-03-28,146,252ZECHopILLs10pMfE76N,66377
gb,2023-03-28,147,1BxfuPKGuaTgP7aM0Bbdwr,66180
gb,2023-03-28,148,4sx6NRwL6Ol3V6m9exwGlQ,66045
gb,2023-03-28,149,1UPHCP5YeVfele4DMbdGyi,66029
gb,2023-03-28,150,5TXDeTFVRVY7Cvt0Dw4vWW,66018
gb,2023-03-28,151,4ZYAU4A2YBtlNdqOUtc7T2,65936
gb,2023-03-28,152,6HMtHNpW6YPi1hrw9tgF8P,65869
gb,2023-03-28,153,06UUKFWdB0NJIY0RfVfCYQ,65686
gb,2023-03-28,154,6I3mqTwhRpn34SLVafSH7G,65506
gb,2023-03-28,155,2sITbbWIOeg2Lwp4WN2jqr,65505
gb,2023-03-28,156,6JIC3hbC28JZKZ8AlAqX8h,65362
gb,2023-03-28,157,3AAY8YicetRPlDAkibHLiS,65358
gb,2023-03-28,158,0cqRj7pUJDkTCEsJkx8snD,65326
gb,2023-03-28,159,6IAZHEBUIGJ6NJKxxOBIEr,65203
gb,2023-03-28,160,1jDJFeK9x3OZboIAHsY9k2,64801
gb,2023-03-28,161,559SdaPI7mqy9IQiscuaMj,64757
gb,2023-03-28,162,3UmaczJpikHgJFyBTAJVoz,64500
gb,2023-03-28,163,0gucTLf7trAf37Ua1uAyAu,64314
gb,2023-03-28,164,1eprzC29mwUQqcVj0eILdx,64126
gb,2023-03-28,165,1FEiijYPJtyswChfcpv3p0,64024
gb,2023-03-28,166,3AVrVz5rK8Hrqo9YGiVGN5,64008
gb,2023-03-28,167,0Oqxt6JixieLHbwMfnJGWO,63985
gb,2023-03-28,168,5T8EDUDqKcs6OSOwEsfqG7,63881
gb,2023-03-28,169,04CqLjewJiSAqM210vZAmT,63819
gb,2023-03-28,170,5uCax9HTNlzGybIStD3vDh,63776
gb,2023-03-28,171,4ZtFanR9U6ndgddUvNcjcG,63689
gb,2023-03-28,172,60a0Rd6pjrkxjPbaKzXjfq,63605
gb,2023-03-28,173,2AT8iROs4FQueDv2c8q2KE,63479
gb,2023-03-28,174,0yUaLqhsVsguBpoOPL4cO7,63471
gb,2023-03-28,175,0u2P5u6lvoDfwTYjAADbn4,63183
gb,2023-03-28,176,2fyIS6GXMgUcSv4oejx63f,63108
gb,2023-03-28,177,7iL6o9tox1zgHpKUfh9vuC,63029
gb,2023-03-28,178,1aOl53hkZGHkl2Snhr7opL,62957
gb,2023-03-28,179,7MlDNspYwfqnHxORufupwq,62820
gb,2023-03-28,180,4bHsxqR3GMrXTxEPLuK5ue,62704
gb,2023-03-28,181,2xB46Bj9HZ4cr058yN4Pla,62640
gb,2023-03-28,182,5qaEfEh1AtSdrdrByCP7qR,62471
gb,2023-03-28,183,3hxIUxnT27p5WcmjGUXNwx,62459
gb,2023-03-28,184,3E7dfMvvCLUddWissuqMwr,62390
gb,2023-03-28,185,2wSTnntOPRi7aQneobFtU4,62369
gb,2023-03-28,186,7KokYm8cMIXCsGVmUvKtqf,62343
gb,2023-03-28,187,5TRPicyLGbAF2LGBFbHGvO,62262
gb,2023-03-28,188,6feiJqgHqeSvkGUzf11AYs,62108
gb,2023-03-28,189,4rPJSqrov3zqGwXlemLBMw,62077
gb,2023-03-28,190,5ZduaRci3iNUiDfJbBfAaf,61975
gb,2023-03-28,191,7K3BhSpAxZBznislvUMVtn,61958
gb,2023-03-28,192,0nrRP2bk19rLc0orkWPQk2,61794
gb,2023-03-28,193,4woTEX1wYOTGDqNXuavlRC,61651
gb,2023-03-28,194,6bnF93Rx87YqUBLSgjiMU8,61643
gb,2023-03-28,195,0DuWDLjriRPjDRoPgaCslY,61611
gb,2023-03-28,196,2nLtzopw4rPReszdYBJU6h,61527
gb,2023-03-28,197,4vOoQh9MhS9pyrbvc8LyMz,61491
gb,2023-03-28,198,37F0uwRSrdzkBiuj0D5UHI,61369
gb,2023-03-28,199,40gk32E7YaTFoQwDIWv2SY,61192
gb,2023-03-28,200,2zzLRQ78kKfPTx8FJQCdC2,61062
us,2023-03-28,1,7K3BhSpAxZBznislvUMVtn,1788527
us,2023-03-28,2,6AQbmUe0Qwf5PZnt4HmTXv,1653288
us,2023-03-28,3,1Qrg8KqiBpW07V7PNxwwwL,1578062
us,2023-03-28,4,4DHcnVTT87F0zZhRPYmZ3B,1072622
us,2023-03-28,5,0judK8TqYfvwUohBngUxrE,1024156
us,2023-03-28,6,4P9Q0GojKVXpRTJCaL3kyy,1015712
us,2023-03-28,7,2dHHgzDwk4BJdRwy9uXhTO,903902
us,2023-03-28,8,4FyesJzVpA39hbYvcseO2d,839935
us,2023-03-28,9,5W4kiM2cUYBJXKRudNyxjW,837947
us,2023-03-28,10,0vjeOZ3Ft5jvAi9SBFJm1j,823227
us,2023-03-28,11,1bDbXMyjaUIooNwFE9wn0N,784780
us,2023-03-28,12,0V3wPSX9ygBnCm8psDIegu,776754
us,2023-03-28,13,0PAcdVzhPO4gq1Iym9ESnK,774989
us,2023-03-28,14,3dnP0JxCgygwQH9Gm7q7nb,765321
us,2023-03-28,15,4W4fNrZYkobj539TOWsLO2,740514
us,2023-03-28,16,0DWdj2oZMBFSzRsi2Cvfzf,735766
us,2023-03-28,17,2LBqCSwhJGcFQeTHMVGwy3,735050
us,2023-03-28,18,0FA4wrjDJvJTTU8AepZTup,726699
us,2023-03-28,19,3WMj8moIAXJhHsyLaqIIHI,719812
us,2023-03-28,20,4Dvkj6JhhA12EX05fT7y2e,707191
us,2023-03-28,21,0JXXNGljqupsJaZsgSbMZV,704702
us,2023-03-28,22,68Dni7IE4VyPkTOH9mRWHr,694107
us,2023-03-28,23,4iZ4pt7kvcaH6Yo8UoZ4s2,686861
us,2023-03-28,24,2UW7JaomAMuX9pZrjVpHAU,674368
us,2023-03-28,25,5odlY52u43F5BjByhxg7wg,666032
us,2023-03-28,26,4k6Uh1HXdhtusDW5y8Gbvy,664130
us,2023-03-28,27,1rXq0uoV4KTgRN64jXzIxo,656578
us,2023-03-28,28,1xK59OXxi2TAAAbmZK0kBL,646926
us,2023-03-28,29,2L9N0zZnd37dwF0clgxMGI,638238
us,2023-03-28,30,5wG3HvLhF6Y5KTGlK0IW3J,637229
us,2023-03-28,31,0WtM2NBVQNNJLh6scP13H8,632355
us,2023-03-28,32,4686eQ81DEswHa90bcdlC9,601455
us,2023-03-28,33,6UN73IYd0hZxLi8wFPMQij,599242
us,2023-03-28,34,2Jw3VjB1xy5KHBqEeAC6VK,594965
us,2023-03-28,35,5BmB3OaQyYXCqRyN8iR2Yi,585167
us,2023-03-28,36,3cBsEDNhFI9E82vPj3kvi3,581963
us,2023-03-28,37,2YVlDlk2zRceefo6XlC6DX,572031
us,2023-03-28,38,5jQI2r1RdgtuT8S3iG8zFC,570277
us,2023-03-28,39,1Lo0QY9cvc8sUB2vnIOxDT,568701
us,2023-03-28,40,1lRtH4FszTrwwlK5gTSbXO,563050
us,2023-03-28,41,609E1JCInJncactoMmkDon,559302
us,2023-03-28,42,78Sw5GDo6AlGwTwanjXbGh,554955
us,2023-03-28,43,3F5CgOj3wFlRv51JsHbxhe,553263
us,2023-03-28,44,03fs6oV5JAlbytRYf3371S,549525
us,2023-03-28,45,2GAhgAjOhEmItWLfgisyOn,546315
us,2023-03-28,46,0JmnkIqdlnUzPaf8sqBRs3,541661
us,2023-03-28,47,4hy7qTxsnyZUZoqo5RtaYq,536282
us,2023-03-28,48,5m0yZ33oOy0yYBtdTXuxQe,536204
us,2023-03-28,49,2kYevr8cbIAH2ha8210Bnz,533522
us,2023-03-28,50,3Qu3Zh4WTKhP9GEXo0aDnb,529336
us,2023-03-28,51,52ChYmfu792MW2Ezv0whpk,529301
us,2023-03-28,52,2mpoNBkngUEwnaKoBhZ0vl,526984
us,2023-03-28,53,1SRw5p2lVAi7RGlHEmZg66,518226
us,2023-03-28,54,0PB0O24JqAuNdOAFVJljMS,505644
us,2023-03-28,55,6pcywuOeGGWeOQzdUyti6k,497554
us,2023-03-28,56,5BbdKBZO0TH0GhfxUfyhL9,494366
us,2023-03-28,57,0NZPBYD5qbEWRs3PrGiRkT,494176
us,2023-03-28,58,2QjOHCTQ1Jl3zawyYOpxh6,486515
us,2023-03-28,59,5mHdCZtVyb4DcJw8799hZp,470309
us,2023-03-28,60,3azJifCSqg9fRij2yKIbWz,469351
us,2023-03-28,61,3EaJDYHA0KnX88JvDhL9oa,467062
us,2023-03-28,62,48UKTR66uUOT9LaUvooTNx,466397
us,2023-03-28,63,4fYte8ZvTK14NEhAOZocBi,462670
us,2023-03-28,64,7fveJ3pk1eSfxBdVkzdXZ0,460022
us,2023-03-28,65,2HbKqm4o0w5wEeEFXm2sD4,458762
us,2023-03-28,66,1BxfuPKGuaTgP7aM0Bbdwr,456930
us,2023-03-28,67,7EAMXbLcL0qXmciM5SwMh2,456101
us,2023-03-28,68,3hxIUxnT27p5WcmjGUXNwx,455071
us,2023-03-28,69,0yUaLqhsVsguBpoOPL4cO7,450876
us,2023-03-28,70,2ZL7WZcjuYKi1KUDtp4kCC,448888
us,2023-03-28,71,0IKeDy5bT9G0bA7ZixRT4A,444655
us,2023-03-28,72,59nOXPmaKlBfGMDeOVGrIK,443602
us,2023-03-28,73,3QFInJAm9eyaho5vBzxInN,440705
us,2023-03-28,74,4nrPB8O7Y7wsOCJdgXkthe,440313
us,2023-03-28,75,6dBUzqjtbnIa1TwYbyw5CM,439521
us,2023-03-28,76,0u8rZGtXJrLtiSe34FPjGG,439457
us,2023-03-28,77,3Kw7zkALCVxY4wmlnh2IWC,437759
us,2023-03-28,78,73zawW1ttszLRgT9By826D,430955
us,2023-03-28,79,3xKsf9qdS1CyvXSMEid6g8,427897
us,2023-03-28,80,1Y3LN4zO1Edc2EluIoSPJN,427501
us,2023-03-28,81,7phmBo7bB9I9YifAXqnlqV,427393
us,2023-03-28,82,4EWCNWgDS8707fNSZ1oaA5,425135
us,2023-03-28,83,52NGJPcLUzQq5w7uv4e5gf,424544
us,2023-03-28,84,4uUG5RXrOk84mYEfFvj3cK,423615
us,2023-03-28,85,3kf0WdFOalKWBkCCLJo4mA,423367
us,2023-03-28,86,6Sq7ltF9Qa7SNFBsV5Cogx,415919
us,2023-03-28,87,1R0a2iXumgCiFb7HEZ7gUE,415639
us,2023-03-28,88,58ge6dfP91o9oXMzq3XkIS,415068
us,2023-03-28,89,2wSTnntOPRi7aQneobFtU4,411188
us,2023-03-28,90,7KA4W4McWYRpgf0fWsJZWB,410727
us,2023-03-28,91,4kvjThnfQIsPOKjxx0aZDu,408351
us,2023-03-28,92,4tqcoej1zPvwePZCzuAjJd,405565
us,2023-03-28,93,5gDWsRxpJ2lZAffh5p7K0w,403378
us,2023-03-28,94,7MXVkk9YMctZqd1Srtv4MB,401694
us,2023-03-28,95,2VzCjpKvPB1l1tqLndtAQa,401071
us,2023-03-28,96,3oZ6dlSfCE9gZ55MGPJctc,400324
us,2023-03-28,97,4FAKtPVycI4DxoOHC01YqD,394929
us,2023-03-28,98,7dR09k1an5JEq7ch0Y5hvV,393799
us,2023-03-28,99,4R2kfaDFhslZEMJqAFNpdd,385041
us,2023-03-28,100,5UWwZ5lm5PKu6eKsHAGxOk,384838
us,2023-03-28,101,65FftemJ1DbbZ45DUfHJXE,383460
us,2023-03-28,102,3PzeZR8CqtwXmSn5AVao7J,376978
us,2023-03-28,103,7H0ya83CMmgFcOhw0UB6ow,376002
us,2023-03-28,104,1N8TTK1Uoy7UvQNUazfUt5,375047
us,2023-03-28,105,0JtgoDDf0ggWaoXCGhcOoT,374490
us,2023-03-28,106,6IyoLWzljeR3ldQo4KWHT6,374402
us,2023-03-28,107,1u8c2t2Cy7UBoG4ArRcF5g,372831
us,2023-03-28,108,5MwynWK9s4hlyKHqhkNn4A,371979
us,2023-03-28,109,577YBGuskWkVDCxZrLRB4v,371849
us,2023-03-28,110,7KokYm8cMIXCsGVmUvKtqf,371039
us,2023-03-28,111,40gk32E7YaTFoQwDIWv2SY,367843
us,2023-03-28,112,6foY66mWZN0pSRjZ408c00,366463
us,2023-03-28,113,3rWDp9tBPQR9z6U5YyRSK4,365588
us,2023-03-28,114,0O6u0VJ46W86TxN9wgyqDj,365198
us,2023-03-28,115,3tt9i3Hhzq84dPS8H7iSiJ,364052
us,2023-03-28,116,6dgUya35uo964z7GZXM07g,363624
us,2023-03-28,117,1IHWl5LamUGEuP4ozKQSXZ,362701
us,2023-03-28,118,0ug5NqcwcFR2xrfTkc7k8e,361839
us,2023-03-28,119,78QR3Wp35dqAhFEc2qAGjE,361793
us,2023-03-28,120,3AVrVz5rK8Hrqo9YGiVGN5,361685
us,2023-03-28,121,2IlT65thKQQw248mhk2PjQ,360279
us,2023-03-28,122,4PMqSO5qyjpvzhlLI5GnID,360210
us,2023-03-28,123,4ZYAU4A2YBtlNdqOUtc7T2,358415
us,2023-03-28,124,6TBzRwnX2oYd8aOrOuyK1p,358202
us,2023-03-28,125,6Um358vY92UBv5DloTRX9L,357338
us,2023-03-28,126,5XeFesFbtLpXzIVDNQP22n,355285
us,2023-03-28,127,5TRPicyLGbAF2LGBFbHGvO,354624
us,2023-03-28,128,02MWAaffLxlfxAUY7c5dvx,353563
us,2023-03-28,129,3pXF1nA74528Edde4of9CC,352497
us,2023-03-28,130,6vN77lE9LK6HP2DewaN6HZ,348685
us,2023-03-28,131,6j5BK1cFX9TjJd5EXHGgAn,348387
us,2023-03-28,132,5TXDeTFVRVY7Cvt0Dw4vWW,346896
us,2023-03-28,133,3Ua0m0YmEjrMi9XErKcNiR,346221
us,2023-03-28,134,5fEB6ZmVkg63GZg9qO86jh,340995
us,2023-03-28,135,3XgGQ1wjo5khvq2UImjyNF,336066
us,2023-03-28,136,4VXIryQMWpIdGgYR4TrjT1,334400
us,2023-03-28,137,2Hh3ETdQKrmSI3QS0hme7g,334094
us,2023-03-28,138,1qEmFfgcLObUfQm0j1W2CK,332820
us,2023-03-28,139,0UbesRsX2TtiCeamOIVEkp,332099
us,2023-03-28,140,7sO5G9EABYOXQKNPNiE9NR,329533
us,2023-03-28,141,5Y35SjAfXjjG0sFQ3KOxmm,329211
us,2023-03-28,142,2BcMwX1MPV6ZHP4tUT9uq6,327000
us,2023-03-28,143,2Dct3GykKZ58hpWRFfe2Qd,326244
us,2023-03-28,144,6Ox1rvlwEpB49drasQm6RF,323494
us,2023-03-28,145,2qOm7ukLyHUXWyR4ZWLwxA,323129
us,2023-03-28,146,3sNVsP50132BTNlImLx70i,323091
us,2023-03-28,147,6PGoSes0D9eUDeeAafB2As,322155
us,2023-03-28,148,3qoftcUZaUOncvIYjFSPdE,321693
us,2023-03-28,149,7fBv7CLKzipRk6EC6TWHOB,321592
us,2023-03-28,150,0ofHAoxe9vBkTCp2UQIavz,321143
us,2023-03-28,151,2J6OF7CkpdQGSfm1wdclqn,321063
us,2023-03-28,152,59hBR0BCtJsfIbV9VzCVAp,319866
us,2023-03-28,153,3sqrvkNC6IPTIXvvbx9Arw,319288
us,2023-03-28,154,7KXjTSCq5nL1LoYtL7XAwS,319041
us,2023-03-28,155,1xzi1Jcr7mEi9K2RfzLOqS,318896
us,2023-03-28,156,567e29TDzLwZwfDuEpGTwo,318643
us,2023-03-28,157,1haJsMtoBhHfvuM7XWuT3W,317397
us,2023-03-28,158,3fqwjXwUGN6vbzIwvyFMhx,317370
us,2023-03-28,159,6IZvVAP7VPPnsGX6bvgkqg,316724
us,2023-03-28,160,5Eax0qFko2dh7Rl2lYs3bx,316654
us,2023-03-28,161,0rVJ6v23RQozOIvr1YotJP,316428
us,2023-03-28,162,3AAY8YicetRPlDAkibHLiS,316333
us,2023-03-28,163,1qMMYpVatbRITKCfq1gasi,315627
us,2023-03-28,164,4vVjPTApwXZwB2H3mBq3ml,313277
us,2023-03-28,165,4KW1lqgSr8TKrvBII0Brf8,313122
us,2023-03-28,166,39sDitIeCMrVX2QyXHY46t,309912
us,2023-03-28,167,2JvzF1RMd7lE3KmFlsyZD8,309684
us,2023-03-28,168,0RiRZpuVRbi7oqRdSMwhQY,309526
us,2023-03-28,169,003vvx7Niy0yvhvHt4a68B,307752
us,2023-03-28,170,0VjIjW4GlUZAMYd2vXMi3b,306423
us,2023-03-28,171,2XHzzp1j4IfTNp1FTn7YFg,305948
us,2023-03-28,172,2g8HN35AnVGIk7B8yMucww,305760
us,2023-03-28,173,474uVhyGgK5MtY9gMcDgGl,304868
us,2023-03-28,174,4Li2WHPkuyCdtmokzW2007,304844
us,2023-03-28,175,5IgjP7X4th6nMNDh4akUHb,304520
us,2023-03-28,176,5OELUCYgOHKFAvCERnAvfS,303539
us,2023-03-28,177,65OVbaJR5O1RmwOQx0875b,302906
us,2023-03-28,178,5SWnsxjhdcEDc7LJjq9UHk,302021
us,2023-03-28,179,1zsPaEkglFvxjAhrM8yhpr,301660
us,2023-03-28,180,3fl4zil6HJ0N1FL3YIRwdC,301474
us,2023-03-28,181,4RvWPyQ5RL0ao9LPZeSouE,298366
us,2023-03-28,182,5FkoSXiJPKTNyYgALRJFhD,298332
us,2023-03-28,183,1dGr1c8CrMLDpV6mPbImSI,298060
us,2023-03-28,184,0wXuerDYiBnERgIpbb3JBR,297435
us,2023-03-28,185,2RkMSIqUdveO3p8KVpYBYI,297416
us,2023-03-28,186,04CqLjewJiSAqM210vZAmT,297410
us,2023-03-28,187,4AFsRbaLKRWo3dDtjDFA2V,295774
us,2023-03-28,188,50a8bKqlwDEqeiEknrzkTO,294691
us,2023-03-28,189,6Tm4Io4ct4w14nB1EUzsY3,293878
us,2023-03-28,190,4WuOWVnAqvEQxgSRrspBgt,292957
us,2023-03-28,191,2R4AlwtrrkMaRKojcTIzmL,292821
us,2023-03-28,192,5mCPDVBb16L4XQwDdbRUpz,292412
us,2023-03-28,193,2Ggr9IfS70wYQacW8nZKPG,291673
us,2023-03-28,194,2tgQaL85WoRfgEa4hFQgrE,290114
us,2023-03-28,195,4ewazQLXFTDC8XvCbhvtXs,289130
us,2023-03-28,196,0uxSUdBrJy9Un0EYoBowng,289017
us,2023-03-28,197,09mEdoA6zrmBPgTEN5qXmN,288560
us,2023-03-28,198,3IznIgmXtrUaoPWpQTy5jB,287918
us,2023-03-28,199,2t8yVaLvJ0RenpXUIAC52d,287619
us,2023-03-28,200,6bnF93Rx87YqUBLSgjiMU8,286804
